PC1,PC2,Cluster,Original Class
3.3167508122147753,1.4434626343180106,2,class_0
2.209464916918847,-0.3333928870802985,2,class_0
2.516740146610381,1.0311512962743195,2,class_0
3.7570656097732034,2.756371913710713,2,class_0
1.0089084937957147,0.8698308214172041,2,class_0
3.050253922418077,2.1224011146341923,2,class_0
2.449089669596228,1.1748501316494755,2,class_0
2.0594368714379123,1.6089630683635074,2,class_0
2.510874297398987,0.9180709573337794,2,class_0
2.7536281876339075,0.7894376738336083,2,class_0
3.479736682731209,1.302333237123596,2,class_0
1.7547529012945875,0.6119772287456328,2,class_0
2.113462340315094,0.6757063391426196,2,class_0
3.45815681933672,1.13062987617294,2,class_0
4.312783906765558,2.095975575341263,2,class_0
2.30518820082797,1.6625517299890555,2,class_0
2.17195527374151,2.32730533619142,2,class_0
1.898971176562759,1.6313688786428382,2,class_0
3.5419850819434653,2.5183436693066468,2,class_0
2.084522204730311,1.0611379935838605,2,class_0
3.1244025351671993,0.786897105650897,2,class_0
1.08657006833224,0.24174355133283912,2,class_0
2.5352240799037142,-0.09184062072087926,2,class_0
1.6449883412544695,-0.5162789300672347,2,class_0
1.7615758722693005,-0.31714893268438055,2,class_0
0.9900791016088551,0.9406673381906328,2,class_0
1.7752776281133675,0.6861751342850241,2,class_0
1.235423964309905,-0.08980704136063884,2,class_0
2.18840633445196,0.6895696206616245,2,class_0
2.2561089812837065,0.1914619368866669,2,class_0
2.5002200257894236,1.2408338348969434,2,class_0
2.6774110474440125,1.4718736461032496,2,class_0
1.6285791164309176,0.05270445057532463,2,class_0
1.9026908622381458,1.6330604347699833,2,class_0
1.410388526595405,0.697934324611357,2,class_0
1.9038262321944859,0.17671095109545706,2,class_0
1.3848622303748377,0.658639853661149,2,class_0
1.1222074104413096,0.11410976029688834,2,class_0
1.5021945006181916,-0.7694320064310067,2,class_0
2.5298010923718093,1.8030019760618292,2,class_0
2.5880954258544016,0.7796163041925088,2,class_0
0.6684819937541858,0.1699609406198755,2,class_0
3.070806990412006,1.1559189566098846,2,class_0
0.4622091375160068,0.330742132192275,2,class_0
2.1013519305380153,-0.07100892095406527,2,class_0
1.1361661775610161,1.7771073929776378,2,class_0
2.7266009636408013,1.1913346919571854,2,class_0
2.821339274192247,0.6462585991417057,2,class_0
2.0098508509123567,1.2470294606787615,2,class_0
2.7074913042663913,1.7519674072063385,2,class_0
3.214917474773822,0.16699199499679288,2,class_0
2.8589598267172915,0.7452788039895893,2,class_0
3.5056043559232215,1.6127338560350124,2,class_0
2.224791380532171,1.8751679995630246,2,class_0
2.146987823563865,1.0167515377576613,2,class_0
2.4693294837977864,1.3290083106496229,2,class_0
2.741517914277451,1.436548783512516,2,class_0
2.1737409209653054,1.2121998406977943,2,class_0
3.139380151828993,1.7315791159925136,2,class_0
-0.9285819689218525,-3.073486163188926,0,class_1
-1.5424801378968793,-1.3814435080942282,0,class_1
-1.8362497634669392,-0.8299841230557174,1,class_1
0.030606834086680492,-1.2627861442114006,0,class_1
2.0502616075763163,-1.9250326046500987,0,class_1
-0.609680827177621,-1.9080588050851872,0,class_1
0.9002278387071432,-0.7639114736096086,0,class_1
2.2485071907983953,-1.8845924845501298,0,class_1
0.18338402668475712,-2.427146114703569,0,class_1
-0.8128050273520715,-0.22051398690226864,0,class_1
1.9756204987985544,-1.4032832253096121,0,class_1
-1.5722162196262992,-0.8849831369082222,0,class_1
1.6576818088332892,-0.9567121974591478,0,class_1
-0.7253723880353549,-1.0636454007060936,0,class_1
2.5622271731703603,0.26019855065459657,2,class_1
1.8325675700495478,-1.2878781978605245,0,class_1
-0.8679929031954102,-2.444101185580863,0,class_1
0.37001440429478377,-2.1539069751569855,0,class_1
-1.4573770449061372,-1.38335176907626,0,class_1
1.2629308497284981,-0.7708495299701154,0,class_1
0.3761503719342413,-1.0270434033558222,0,class_1
0.7620639041096009,-3.375053809963533,0,class_1
1.0345779671651874,-1.45070973824409,0,class_1
-0.49487675568032585,-2.3812435267673693,0,class_1
-2.5389770842951194,-0.08744335730498357,1,class_1
0.8353201453942983,-1.473670551400867,0,class_1
0.7879046149897109,-2.0266265224624758,0,class_1
-0.8068321559655368,-2.2338303908439108,0,class_1
-0.5580426248756801,-2.372985428849456,0,class_1
-1.1151110419194448,-1.802247191665454,0,class_1
-0.5557228299516996,-2.6575400353922918,0,class_1
-1.349285282443729,-2.1180014697848177,0,class_1
-1.564482605719904,-1.8522145217655506,0,class_1
-1.932555610631462,-1.559495456898621,0,class_1
0.7466659419884516,-2.3129317092207384,0,class_1
0.9574553638036422,-2.2235284346674593,0,class_1
2.5438651841995523,0.1692740227997422,2,class_1
-0.543952588776228,-0.3689265458773175,0,class_1
1.0310497503881497,-2.565569348733521,0,class_1
2.2519094221481244,-1.4327413803542528,0,class_1
1.4102160153374603,-2.166191769370383,0,class_1
0.7977197926930423,-2.37694880308186,0,class_1
-0.5495317266494627,-2.293128643245625,0,class_1
-0.16117373994854411,-1.1644833215600157,0,class_1
-0.6597949416843581,-2.6799611859896335,0,class_1
0.3923544081850837,-2.098731708765535,0,class_1
-1.7724990779600327,-1.7172884693761425,0,class_1
-0.366267357352063,-2.1693532978292813,0,class_1
-1.6206725727874784,-1.355583388025957,0,class_1
0.08253578349332921,-2.306234587748323,0,class_1
1.578275070932382,-1.4620342902048156,0,class_1
1.4205692478240168,-1.4182066376337488,0,class_1
-0.27870275364885316,-1.9305680886704664,0,class_1
-1.3031449662482797,-0.7631723136577938,0,class_1
-0.45707186565262264,-2.269415607589674,0,class_1
-0.49418584704437357,-1.9390450494868319,0,class_1
0.482074409773096,-3.8717838484072384,0,class_1
-0.2528888776531979,-2.8214923747015916,0,class_1
-0.10722763772912221,-1.928922042566957,0,class_1
-2.433012602550216,-1.2571410404943928,1,class_1
-0.5510895391746489,-2.2221615507766206,0,class_1
0.7396219285682226,-1.4089566673657121,0,class_1
1.336321733418329,0.25333693116830364,2,class_1
-1.1770869962477717,-0.6639668398015727,0,class_1
-0.46233500801967825,-0.618288179485042,0,class_1
0.9784740793566489,-1.4455704988958267,0,class_1
-0.09680972631598408,-2.1099979931352246,0,class_1
0.038487145949025574,-1.2667621091578836,0,class_1
-1.5971585012074705,-1.2081435741284867,0,class_1
-0.4795649160831242,-1.9388406603940462,0,class_1
-1.792833473031143,-1.1502881044421063,0,class_1
-1.3271016561416011,0.17038923204902842,1,class_2
-2.38450083474353,0.37458260552469247,1,class_2
-2.9369401021466124,0.26386183006837916,1,class_2
-2.1468111338160636,0.36825495188646,1,class_2
-2.369869488333041,-0.4596348092311664,1,class_2
-3.0638415687203535,0.3534128354584013,1,class_2
-3.9157537837118883,0.15458251944172954,1,class_2
-3.9364633907159625,0.6596872334097782,1,class_2
-3.0942761177622744,0.3488427592737948,1,class_2
-2.374471628006922,0.29198035155999214,1,class_2
-2.7788129476325127,0.28680487288217266,1,class_2
-2.286561284738469,0.3725078446852977,1,class_2
-2.9856334874494648,0.48921790834701057,1,class_2
-2.3751946982271077,0.4823337172448761,1,class_2
-2.209865525595872,1.1600525041576406,1,class_2
-2.6256210046927206,0.5631607642108335,1,class_2
-4.280638778751086,0.6496709640237043,1,class_2
-3.5826413720011043,1.272702749727298,1,class_2
-2.807063720081659,1.5705337870411953,1,class_2
-2.899659333023912,2.0410570079384622,1,class_2
-2.3207369765492056,2.3563660755566715,1,class_2
-2.549830947226137,2.0452830910195217,1,class_2
-1.812541284842299,1.5276459462687493,1,class_2
-2.760144641923951,2.138932347642609,1,class_2
-2.7371505006679904,0.4098862708817899,1,class_2
-3.604868868183425,1.8023842175839635,1,class_2
-2.889825996873507,1.9252186131303402,1,class_2
-3.3921560768357213,1.3118763884735922,1,class_2
-1.0481818968536805,3.515089691219728,1,class_2
-1.6099122828479366,2.406638159574325,1,class_2
-3.143130966743974,0.7381610441757949,1,class_2
-2.2401568962695433,1.1754652881188632,1,class_2
-2.847673776119519,0.5560439658826716,1,class_2
-2.5974970566487636,0.697965537200918,1,class_2
-2.9492993731348447,1.5553089642839817,1,class_2
-3.530032266349311,0.882526796204234,1,class_2
-2.406110540478554,2.592356175042394,1,class_2
-2.929084726967455,1.2744469479044795,1,class_2
-2.181412778812621,2.077537312734513,1,class_2
-2.3809277871356396,2.5886674324185868,1,class_2
-3.2116172150412465,-0.2512491044255932,1,class_2
-3.6779187209738162,0.8477478441497612,1,class_2
-2.46555579804045,2.193798303654092,1,class_2
-3.370524145442862,2.2162891398611326,1,class_2
-2.6019558512247376,1.7572293509792725,1,class_2
-2.6778394608645035,2.7608991316745426,1,class_2
-2.3870170912797204,2.2973466797128164,1,class_2
-3.208758164198023,2.768919566047571,1,class_2
